- name: Homie Razavi
  url: http://cdafound.org/our-team/   
  title: PRoGReSs (Hepatitis B model) 
  title_link: /models/hep-b
  email: homie.razavi@centerforda.com
  img: '/img/people/Homie_Razavi.png'
  
- name: Devin Razavi-Shearer
  url: http://cdafound.org/our-team/   
  title: PRoGReSs (Hepatitis B model) 
  title_link: /models/hep-b
  email: devin.razavi-shearer@centerforda.com
  img: '/img/people/Devin_Razavi.png'
  
- name: Tim Hallett 
  url: http://www.imperial.ac.uk/people/timothy.hallett
  title: Hepatitis B model 
  title_link: /models/hep-b#imperial
  email: timothy.hallett@imperial.ac.uk
  img: '/img/people/Tim_Hallett.png'
  
- name: Margaret de Villiers
  url: 
  title: Hepatitis B model 
  title_link: /models/hep-b#imperial
  email: m.de-villiers@imperial.ac.uk   
  img: '/img/people/Margaret_De_Villiers.png'   

- name: Shevanthi Nayagam   
  url: 
  title: Hepatitis B model   
  title_link: /models/hep-b#imperial   
  email: s.nayagam01@imperial.ac.uk     
  img: '/img/people/Shevanthi_Nayagam.png'   

- name: Xi Li 
  title: Hepatitis B model 
  title_link: /models/hep-b#independent
  email: xi.cira.li@gmail.com
  img: '/img/people/Xi_Li.png'
 
- name: Yvonne Tam
  url: https://www.jhsph.edu/faculty/directory/profile/2424/yvonne-yin-on-tam
  title: Lives Saved Tool (LiST) (Hib, rotavirus and pneumococcal model)  
  title_link: /models/hib#jhu
  email: yvonneyotam@jhu.edu
  img: '/img/people/Yvonne_Tam.png'
 
- name: Neff Walker
  url: https://www.jhsph.edu/faculty/directory/profile/1945/neff-walker
  title: Lives Saved Tool (LiST) (Hib, rotavirus and pneumococcal model)  
  title_link: /models/hib#jhu
  email: pneffwalker@yahoo.com
  img: '/img/people/placeholder.png'
 
- name: Mark Jit
  url: http://www.lshtm.ac.uk/aboutus/people/jit.mark
  title: PRIME (HPV model) and DynaMICE
  email: Mark.Jit@lshtm.ac.uk
  img: '/img/people/Mark_Jit.png'
  
- name: Kiesha Prem
  url: 
  title: PRIME (HPV model) and DynaMICE
  email: Kiesha.Prem@lshtm.ac.uk
  img: '/img/people/Kiesha_Prem.png'
  
- name: Andrew Clark
  url: http://www.lshtm.ac.uk/aboutus/people/clark.andrew
  title: UNIVAC (Hib, rotavirus and pneumococcal model)
  title_link: /models/hib
  email: andrew.clark@lshtm.ac.uk  
  img: '/img/people/Andy_Clark.png'

- name: Kaja Abbas   
  url: https://www.lshtm.ac.uk/aboutus/people/abbas.kaja   
  title: UNIVAC, PRIME and DynaMICE    
  email: Kaja.Abbas@lshtm.ac.uk   
  img: '/img/people/Kaja_Abbas.png'   
  
- name: Petra Klepac
  url: http://www.petraklepac.com/Site/Home.html   
  title: UNIVAC, PRIME and DynaMICE   
  email: Petra.Klepac@lshtm.ac.uk
  img: '/img/people/Petra_Klepac.png'   
 
- name: Colin Sanderson 
  url: http://www.lshtm.ac.uk/aboutus/people/sanderson.colin
  title: UNIVAC (Hib, rotavirus and pneumococcal model) 
  title_link: /models/hib
  email: colin.sanderson@lshtm.ac.uk
  img: '/img/people/Colin_Sanderson.png'
  
- name: Hira Tanvir
  url: 
  title: UNIVAC (Hib, rotavirus and pneumococcal model) 
  title_link: /models/hib
  email: Hira.Tanvir@lshtm.ac.uk
  img: '/img/people/Hira_Tanvir.png' 
 
- name: Marc Brisson
  url: http://www.marc-brisson.net/
  title: PRIME (HPV model) 
  title_link: /models/hpv
  email: marc.brisson@crchudequebec.ulaval.ca
  img: '/img/people/Marc_Brisson.png'

- name: Stéphane Verguet
  url: https://www.hsph.harvard.edu/stephane-verguet/
  title: DynaMICE (Measles model)
  title_link: /models/measles#LSHTM
  email: verguet@hsph.harvard.edu 
  img: '/img/people/Stephane_Verguet.png'
  
- name: Arminder Deol
  url: http://cmmid.lshtm.ac.uk/people/ 
  title: UNIVAC, PRIME and DynaMICE  
  email: Arminder.Deol@lshtm.ac.uk
  img: '/img/people/Arminder_Deol.png'
  
- name: Steven Sweet
  url: http://chds.hsph.harvard.edu/People/Steven-Sweet/
  title: HPV model 
  title_link: /models/hpv#harvard
  email: ssweet@hsph.harvard.edu
  img: '/img/people/Steven_Sweet.png'
  
- name: Jane Kim
  url: https://chds.hsph.harvard.edu/jane-j-kim/
  title: HPV model 
  title_link: /models/hpv#harvard
  email: jkim@hsph.harvard.edu
  img: '/img/people/Jane_Kim.png'
  
- name: Allison Portnoy
  url: https://scholar.harvard.edu/allisonportnoy/home
  title: HPV model 
  title_link: /models/hpv#harvard
  email: aportnoy@mail.harvard.edu
  img: '/img/people/Allison_Portnoy.png'  
  
- name: Stephen Resch
  url: https://chds.hsph.harvard.edu/stephen-resch/
  title: HPV model 
  title_link: /models/hpv#harvard
  email: stephen_resch@harvard.edu
  img: '/img/people/Stephen_Resch.png'    
 
- name: Hannah Clapham
  url: https://www.researchgate.net/profile/Hannah_Clapham
  title: Japanese Encephalitis (JE) model
  title_link: /models/je
  email: hannah.clapham@ndm.ox.ac.uk 
  img: '/img/people/Hannah_Clapham.png'   
  
- name: Duy Nguyen
  url: https://www.tropicalmedicine.ox.ac.uk/research/oucru    
  title: Japanese Encephalitis (JE) model
  title_link: /models/je
  email: duynm@oucru.org 
  img: '/img/people/Duy_Nguyen.png'
   
- name: Sean Moore   
  url: http://biology.nd.edu/people/sean-moore/   
  title: Japanese Encephalitis (JE) model   
  title_link: /models/je   
  email: smoore15@nd.edu   
  img: '/img/people/Sean_Moore.png' 
  
- name: Quan Tran
  url:  https://biology.nd.edu/about/personnel-directory/
  title: Japanese Encephalitis (JE) model
  title_link: /models/je
  email: qtran4@nd.edu
  img: '/img/people/Tran_Minh_Quan.png'

- name: Matthew Ferrari
  url: http://bio.psu.edu/directory/mjf283
  title: Measles model
  title_link: /models/measles
  email: matthewferrari@me.com
  img: '/img/people/Matt_Ferrari.png'

- name: Kirsten Eilertson
  url: http://stat.psu.edu/people/kee12
  title: Measles model
  title_link: /models/measles
  email: eilertson@psu.edu
  img: '/img/people/Kirsten_Eilertson.png'
  
- name: Caroline Trotter
  url: http://www.infectiousdisease.cam.ac.uk/directory/clt56@cam.ac.uk
  title: MenA model 
  title_link: /models/men-a
  email: clt56@cam.ac.uk
  img: '/img/people/Caroline_Trotter.png'
 
- name: Andromachi Karachaliou
  url: http://www.vet.cam.ac.uk/directory/karachaliou
  title: MenA model 
  title_link: /models/men-a
  email: ak889@cam.ac.uk 
  img: '/img/people/Andromachi_Karachaliou.png'
 
- name: Mike Jackson
  url: https://www.kpwashingtonresearch.org/our-research/our-scientists/jackson-michael-l/
  title: MenA model 
  title_link: /models/men-a#cdc
  email: jackson.ml@ghc.org
  img: '/img/people/Mike_Jackson.png'

- name: Emilia Vynnycky
  url: http://www.lshtm.ac.uk/aboutus/people/vynnycky.emilia
  title: Rubella model 
  title_link: /models/rubella
  email: Emilia.Vynnycky@phe.gov.uk  
  img: '/img/people/Emilia_Vynnycky.png'
  
- name: Timos Papadopoulos
  url: https://www.linkedin.com/in/timos-papadopoulos-a7a7a217/  
  title: Rubella model 
  title_link: /models/rubella
  email: timos.papadopoulos@phe.gov.uk   
  img: '/img/people/Timos_Papadopoulos.png'   

- name: Justin Lessler   
  url: https://www.jhsph.edu/faculty/directory/profile/2566/justin-lessler   
  title: Rubella model   
  title_link: /models/rubella   
  email:  justin@jhu.edu   
  img: '/img/people/Justin_Lessler.png'   
  
- name: Amy Winter  
  url: https://scholar.google.com/citations?user=Y4PDlfkAAAAJ&hl=en&oi=ao   
  title: Rubella model   
  title_link: /models/rubella   
  email:  akwinter@jhu.edu    
  img: '/img/people/Amy_Winter.png'   
  
- name: Shaun Truelove
  url: https://www.linkedin.com/in/shaun-truelove-ba9315a/      
  title: Rubella model   
  title_link: /models/rubella   
  email: shauntruelove@jhu.edu        
  img: '/img/people/Shaun_Truelove.png'   
  
- name: Jessica Metcalf   
  url: http://metcalflab.princeton.edu/about-jess/     
  title: Rubella model   
  title_link: /models/rubella   
  email: cmetcalf@princeton.edu     
  img: '/img/people/Jess_Metcalf.png' 
  
- name: Tini Garske
  url: http://www.imperial.ac.uk/people/t.garske
  title: Yellow fever model 
  title_link: /models/yellow-fever
  email:  t.garske@imperial.ac.uk
  img: '/img/people/Tini_Garske.png'  

- name: Katy Gaythorpe
  url: http://www.imperial.ac.uk/people/k.gaythorpe
  title: Yellow fever model 
  title_link: /models/yellow-fever
  email:  k.gaythorpe@imperial.ac.uk
  img: '/img/people/Katy_Gaythorpe.png'    
  
- name: Kévin Jean
  url: https://sites.google.com/site/kvnjean/home   
  title: Yellow fever model
  title_link: /models/yellow-fever
  email: kevin.jean.lab@gmail.com   
  img: '/img/people/Kevin_Jean.png'

- name: Alex Perkins   
  url: http://biology.nd.edu/people/alex-perkins/   
  title: Yellow fever model   
  title_link: /models/yellow-fever   
  email: taperkins@nd.edu   
  img: '/img/people/Alex_Perkins.png'  

- name: Sean Moore   
  url: http://biology.nd.edu/people/sean-moore/   
  title: Yellow fever model   
  title_link: /models/yellow-fever   
  email: smoore15@nd.edu   
  img: '/img/people/Sean_Moore.png'
  
- name: John Huber  
  url: https://biology.nd.edu/about/personnel-directory/
  title: Yellow fever model   
  title_link: /models/yellow-fever   
  email: John.H.Huber.24@nd.edu   
  img: '/img/people/John_Huber.png'
  
- name: Ben Lopman
  url: https://www.sph.emory.edu/faculty/profile/#!BLOPMAN
  title: Rotavirus Model 
  title_link: /models/hib
  email: benjamin.alan.lopman@emory.edu
  img: '/img/people/Ben_Lopman.png'  
  
- name: Molly Steele
  url: https://www.sph.emory.edu/departments/eh/people/phd-students/index.html
  title: Rotavirus Model 
  title_link: /models/hib
  email: mksteel@emory.edu
  img: '/img/people/Molly_Steele.png'  
